ten,anim,slots,slot_setup,vung_lon_nhat,manh_lon_nhat,manh_y_nghia,do_day,do_day_thap_nhat,ti_le_slot,co_hieu,anim_van_ne
10003,Combo1,32,19,1,1.00,1,0.735,0.623,1.00,,
10025,Combo1,26,15,1,1.00,1,0.657,0.542,1.00,,
Full_FX,Combo1,102,0,1,1.00,1,0.775,0.735,0.00,,
H21201,action1_action1,17,0,1,1.00,1,0.620,0.520,16.00,,
H21301,action1_action1,40,29,1,1.00,1,0.612,0.570,1.00,,
H21302,action1_action1,42,38,1,1.00,1,0.599,0.561,1.00,,
H21401,action1_action1,88,77,3,1.00,1,0.302,0.273,0.57,THIEU,
H21402,action1_action1,60,49,1,1.00,1,0.732,0.567,1.00,,
H21403,action1_action1,103,71,2,1.00,1,0.496,0.472,1.00,,
H21501,action1_action1,43,31,1,1.00,1,0.491,0.402,1.00,,
H21601,action1_action1,153,109,5,0.93,2,0.433,0.274,0.59,THIEU,
H21602,action1_action1,126,84,6,1.00,1,0.490,0.301,0.58,THIEU,
H21701,action1_action1,173,126,5,1.00,1,0.497,0.268,0.71,,
H21702,action1_action1,168,129,6,0.99,1,0.474,0.306,0.42,THIEU,
H21703,action1_action1,110,75,5,1.00,1,0.331,0.200,0.80,,
H21704,action1_action1,336,172,12,0.98,1,0.321,0.111,0.61,,
H21705,action1_action1,196,95,2,1.00,1,0.419,0.271,0.91,,
H22201,action1_action1,15,15,1,1.00,1,0.594,0.513,0.93,,
H22301,action1_action1,97,80,9,0.95,2,0.460,0.257,0.71,,
H22302,action1_action1,92,70,1,1.00,1,0.504,0.433,1.00,,
H22401,action1_action1,107,89,4,1.00,1,0.600,0.352,0.60,THIEU,
H22402,action1_action1,90,40,1,1.00,1,0.415,0.355,1.00,,
H22403,action1_action1,60,51,2,1.00,1,0.499,0.422,1.00,,
H22501,action1_action1,71,48,2,1.00,1,0.557,0.507,0.77,,
H22601,action1_action1,221,168,8,1.00,1,0.517,0.428,0.32,THIEU,
H22701,action1_action1,120,86,5,1.00,1,0.453,0.288,0.77,,
H22702,action1_action1,226,195,10,1.00,1,0.418,0.094,0.45,THIEU,
H22703,action1_action1,165,137,9,1.00,1,0.345,0.243,0.51,THIEU,
H22704,action1_action1,94,57,3,1.00,1,0.499,0.259,1.00,,
H22705,action1_action1,136,111,4,1.00,1,0.411,0.266,0.68,,
H23201,action1_action1,18,1,1,1.00,1,0.505,0.470,17.00,,
H23301,action1_action1,52,50,1,1.00,1,0.365,0.319,0.72,,
H23302,action1_action1,125,109,5,1.00,1,0.623,0.408,0.61,,
H23401,action1_action1,92,81,6,1.00,1,0.563,0.237,0.59,THIEU,
H23402,action1_action1,112,88,4,1.00,1,0.495,0.223,0.70,,
H23403,action1_action1,84,57,1,1.00,1,0.491,0.475,1.00,,
H23501,action1_action1,89,83,3,1.00,1,0.609,0.430,0.87,,
H23601,action1_action1,107,77,6,1.00,1,0.438,0.406,0.74,,
H23602,action1_action1,109,70,1,1.00,1,0.542,0.529,1.00,,
H23701,action1_action1,176,86,4,1.00,1,0.514,0.325,0.73,,
H23702,action1_action1,205,156,6,1.00,1,0.426,0.254,0.69,,
H23703,action1_action1,168,133,8,1.00,1,0.536,0.177,0.56,THIEU,
H23704,action1_action1,112,85,2,1.00,1,0.545,0.525,1.00,,
H23705,action1_action1,273,123,5,1.00,1,0.988,0.283,0.72,,
H24401,action1_action1,73,61,4,1.00,1,0.590,0.463,0.75,,
H24402,action1_action1,124,100,4,1.00,1,0.525,0.397,0.85,,
H24403,action1_action1,117,57,1,1.00,1,0.478,0.434,1.00,,
H24501,action1_action1,74,67,3,1.00,1,0.636,0.486,0.84,,
H24502,action1_action1,148,131,5,1.00,1,0.603,0.284,0.40,THIEU,
H24601,action1_action1,97,66,1,1.00,1,0.661,0.449,1.00,,
H24602,action1_action1,126,112,6,1.00,1,0.625,0.491,0.76,,
H24701,action1_action1,307,202,8,1.00,1,0.418,0.295,0.46,THIEU,
H24702,action1_action1,373,183,10,1.00,1,0.255,0.150,0.44,THIEU,
H24703,action1_action1,352,169,9,1.00,1,0.525,0.242,0.79,,
H24704,action1_action1,144,103,4,1.00,1,0.616,0.391,0.71,,
H24705,action1_action1,139,109,7,1.00,1,0.335,0.295,0.77,,
H25301,action1_action1,42,39,1,1.00,1,0.362,0.335,1.00,,
H25401,action1_action1,67,39,2,1.00,1,0.321,0.293,1.00,,
H25402,action1_action1,52,45,1,1.00,1,0.456,0.401,1.00,,
H25403,action1_action1,42,41,1,1.00,1,0.588,0.436,1.00,,
H25501,action1_action1,110,92,6,1.00,1,0.509,0.263,0.82,,
H25502,action1_action1,103,92,4,1.00,1,0.431,0.251,0.83,,
H25601,action1_action1,74,59,2,1.00,1,0.526,0.315,0.73,,
H25602,action1_action1,139,79,1,1.00,1,0.944,0.587,1.00,,
H25701,action1_action1,103,80,1,1.00,1,0.615,0.491,1.00,,
H25702,action1_action1,148,123,13,1.00,1,0.408,0.145,0.76,,
H25703,action1_action1,99,82,5,1.00,1,0.559,0.209,0.59,THIEU,
H25704,action1_action1,210,114,11,1.00,1,0.405,0.223,0.55,THIEU,
H25705,action1_action1,91,68,1,1.00,1,0.572,0.501,1.00,,
H27701,action1_action1,53,34,4,1.00,1,0.413,0.333,1.00,,
H27701S1,Aaction1,99,26,1,1.00,1,0.639,0.377,0.00,THIEU,
H27703,action1_action1,271,205,7,1.00,1,0.565,0.288,0.52,THIEU,action1(0.40/6)
H27704,action1_action1,73,42,2,1.00,1,0.292,0.238,1.00,,
H27705,action1_action1,61,56,5,0.69,2,0.524,0.512,1.00,,
H27706,action1_action1,50,40,1,1.00,1,0.529,0.511,1.00,,
H27707,action1_action1,44,34,1,1.00,1,0.835,0.603,1.00,,
agnilasa_dragon_ball1,Combo1,20,18,1,1.00,1,0.673,0.611,1.00,,
android13,Combo1,22,19,1,1.00,1,0.708,0.679,1.00,,
android14,Combo1,26,23,1,1.00,1,0.668,0.632,1.00,,
android15,Combo1,19,15,1,1.00,1,0.725,0.699,1.00,,
android16,Combo1,25,22,1,1.00,1,0.771,0.691,1.00,,
android17,Combo1,22,20,1,1.00,1,0.723,0.701,0.95,,
android18,Combo1,25,23,1,1.00,1,0.732,0.653,1.00,,
android20_1,Combo1,22,18,1,1.00,1,0.888,0.795,1.00,,
android20_2,Combo1,21,19,1,1.00,1,0.656,0.609,1.00,,
android_19.1_skin,Combo1,19,16,1,1.00,1,0.672,0.556,1.00,,
baby_vegata,Combo1,26,23,1,1.00,1,0.822,0.812,1.00,,
baby_vegata_ssj2,Combo1,23,20,1,1.00,1,0.780,0.702,1.00,,
beerus,Combo1,26,20,1,1.00,1,0.443,0.404,1.00,,
black_blue,Combo1,28,22,1,1.00,1,0.779,0.697,0.95,,
black_broly,Combo1,28,22,1,1.00,1,0.779,0.697,0.95,,
black_frieza,Combo1,20,19,1,1.00,1,0.491,0.451,1.00,,
black_tim,Combo1,28,22,1,1.00,1,0.779,0.697,0.95,,
black_white,Combo1,28,22,1,1.00,1,0.779,0.697,0.95,,
blue,Combo1,21,19,1,1.00,1,0.728,0.682,0.95,,
bluehead,Combo1,21,19,1,1.00,1,0.743,0.670,0.95,,
bo_lao,Combo1,15,15,1,1.00,1,0.637,0.565,1.00,,
broly,Combo1,27,25,1,1.00,1,0.739,0.677,0.96,,
broly_dau_vang,Combo1,20,18,1,1.00,1,0.767,0.691,1.00,,
broly_form_2,Combo1,30,27,1,1.00,1,0.904,0.834,1.00,,
broly_huydiet,Combo1,22,19,1,1.00,1,0.776,0.695,1.00,,
broly_huydiet_2,Combo1,22,19,1,1.00,1,0.802,0.706,1.00,,
broly_ssj2,Combo1,27,25,1,1.00,1,0.739,0.675,0.96,,
broly_toc_den,Combo1,23,23,1,1.00,1,0.804,0.766,1.00,,
broly_toc_do,Combo1,21,20,1,1.00,1,0.811,0.693,1.00,,
broly_tocbac,Combo1,22,19,1,1.00,1,0.799,0.700,1.00,,
broly_tocxanhla,Combo1,24,21,1,1.00,1,0.802,0.703,1.00,,
bu_map,Combo1,24,20,1,1.00,1,0.804,0.593,1.00,,
bulma_baibien,Combo1,26,22,1,1.00,1,0.584,0.577,1.00,,
bulma_halloween,Combo1,26,24,1,1.00,1,0.651,0.613,1.00,,
bulma_halloween2,Combo1,24,22,1,1.00,1,0.720,0.566,1.00,,
bulma_kimono,Combo1,27,23,1,1.00,1,0.751,0.707,1.00,,
bulma_nhatbinh,Combo1,28,23,1,1.00,1,0.738,0.653,1.00,,
bulma_noel,Combo1,18,16,1,1.00,1,0.688,0.603,1.00,,
bulma_rabbit,Combo1,26,24,1,1.00,1,0.514,0.472,1.00,,
buuhan,Combo1,22,18,1,1.00,1,0.573,0.539,1.00,,
captain_ginyu,Combo1,27,24,1,1.00,1,0.719,0.639,1.00,,
cell_bohung,Combo1,23,19,1,1.00,1,0.792,0.741,1.00,,
cell_bohung2,Combo1,21,18,1,1.00,1,0.758,0.676,1.00,,
cell_bohung_3,Combo1,22,17,1,1.00,1,0.648,0.615,1.00,,
cell_do,Combo1,21,20,1,1.00,1,0.728,0.590,1.00,,
cell_do2,Combo1,26,22,1,1.00,1,0.517,0.483,1.00,,
cell_trang,Combo1,23,20,1,1.00,1,0.756,0.693,1.00,,
cui,Combo1,24,22,1,1.00,1,0.715,0.693,0.95,,
cumber,Combo1,24,21,1,1.00,1,0.870,0.814,1.00,,
cumber_toc_trang,Combo1,25,21,1,1.00,1,0.857,0.814,1.00,,
cumber_tocvang,Combo1,24,21,1,1.00,1,0.867,0.818,1.00,,
dabura,Combo1,21,19,1,1.00,1,0.734,0.652,1.00,,
dodoria,Combo1,25,24,1,1.00,1,0.749,0.729,1.00,,
dokkan,Combo1,21,18,1,1.00,1,0.697,0.619,1.00,,
dyspo,Combo1,18,16,1,1.00,1,0.744,0.665,1.00,,
fide,Combo1,20,18,1,1.00,1,0.716,0.583,0.94,,
fieza,Attack,23,20,1,1.00,1,0.785,0.525,0.95,,
fieza3rdform,Combo1,20,18,1,1.00,1,0.723,0.634,0.94,,
fire1,Combo1,20,18,1,1.00,1,0.709,0.666,0.94,,
fu,Combo1,21,20,1,1.00,1,0.728,0.670,1.00,,
g13_6yuan_nv,attack1-0,45,34,4,0.93,2,0.449,0.394,1.00,,
g13_baigufuren_xianlv,dead,68,61,3,1.00,1,0.598,0.568,1.00,,
g13_baihu,attack,80,56,2,1.00,1,0.549,0.534,1.00,,
g13_baihu_nan,attack1-0,59,47,6,0.98,1,0.459,0.438,1.00,,
g13_baihu_nv,attack1-0,57,45,5,0.98,2,0.485,0.474,1.00,,
g13_baihu_texiao,fx_hit,41,0,1,1.00,1,0.988,0.988,0.00,,
g13_baisuzhen_xianlv,dead,77,54,1,1.00,1,0.538,0.487,1.00,,
g13_baiyang_nv,attack1-0,42,30,1,1.00,1,0.622,0.613,1.00,,
g13_baize,attack,49,32,3,1.00,1,0.593,0.531,1.09,,
g13_baizhe_texiao,fx_buff_down,10,0,1,1.00,1,0.988,0.988,1.00,,
g13_bifang,attack,25,13,3,0.99,1,0.517,0.438,1.15,,
g13_bifang_texiao,fx_hit,43,1,3,1.00,1,0.988,0.431,4.00,,
g13_bingfeng_q_nan,attack1-0,43,33,1,1.00,1,0.564,0.433,1.00,,
g13_bingfeng_q_nv,attack1-0,42,32,1,1.00,1,0.576,0.508,1.00,,
g13_biyiniao,attack,27,13,1,1.00,1,0.587,0.516,1.00,,
g13_biyiniao_texiao,fx_hit,13,0,1,1.00,1,0.944,0.781,2.00,,
g13_biyuexianzi_xianlv,dead,47,37,1,1.00,1,0.546,0.540,1.00,,
g13_cangjie,attack,44,23,1,1.00,1,0.558,0.492,1.00,,
g13_cangjie_texiao,fx_hit,33,1,4,1.00,1,0.984,0.105,2.00,,
g13_change,attack,55,48,4,0.99,1,0.524,0.485,1.00,,
g13_change_texiao,fx_hit,19,0,1,1.00,1,0.944,0.781,2.00,,
g13_chenghuang,attack,28,13,1,1.00,1,0.641,0.610,1.00,,
g13_chiyou,attack,81,44,1,1.00,1,0.517,0.494,1.00,,
g13_chiyou2,attack,54,41,3,1.00,1,0.532,0.454,1.00,,
g13_chiyou_texiao,fx_hit,21,0,1,1.00,1,0.988,0.970,3.00,,
g13_chongmingniao_xianlv,dead,42,33,1,1.00,1,0.480,0.454,1.00,,
g13_chutian,attack1-0,57,44,12,0.89,3,0.468,0.449,1.00,,
g13_dijiang,attack,66,51,2,1.00,1,0.703,0.583,1.00,,
g13_dijiang_texiao,fx_stack_down,21,0,1,1.00,1,0.987,0.921,0.00,,
g13_dijun,attack,77,61,1,1.00,1,0.603,0.587,1.00,,
g13_dijun2,attack,65,53,3,0.99,1,0.564,0.501,1.00,,
g13_dijun_texiao,fx_hit,96,0,1,1.00,1,0.981,0.975,3.00,,
g13_donghuangtaiyi,attack,73,62,2,1.00,1,0.576,0.425,0.95,,
g13_donghuangtaiyi2,attack,57,48,6,0.99,1,0.549,0.544,1.00,,
g13_duanwu_nv,attack1-0,43,32,2,1.00,1,0.492,0.471,1.03,,
g13_ershu,attack,19,9,1,1.00,1,0.587,0.488,1.00,,
g13_feixingguanggao,stand,33,21,1,1.00,1,0.491,0.455,1.00,,
g13_fuxi,attack,45,30,2,1.00,1,0.664,0.566,1.00,,
g13_fuxi2,attack,86,44,2,1.00,1,0.560,0.547,1.00,,
g13_fuxi_texiao,fx_hit,24,3,1,1.00,1,0.993,0.577,0.00,THIEU,
g13_gonggong,attack,75,37,1,1.00,1,0.620,0.534,1.00,,
g13_gonggong_texiao,fx_hit,120,6,1,1.00,1,0.890,0.350,1.17,,
g13_guai_fuzhu,attack,29,17,1,1.00,1,0.696,0.467,1.00,,
g13_guai_hundun,attack,30,20,1,1.00,1,0.504,0.425,1.00,,
g13_guai_hundun_texiao,fx_hit,22,1,1,1.00,1,0.585,0.514,2.00,,
g13_guai_qitiandasheng,attack,96,46,5,1.00,1,0.471,0.270,0.98,,
g13_guai_taowu,attack,30,17,1,1.00,1,0.552,0.501,1.00,,
g13_guai_zheng,attack,36,22,1,1.00,1,0.561,0.512,1.00,,
g13_guai_zheng_texiao,fx_hit,92,8,1,1.00,1,0.493,0.484,1.13,,
g13_hanba,attack,48,42,1,1.00,1,0.580,0.532,1.00,,
g13_hongjun,attack,80,44,1,1.00,1,0.611,0.475,1.00,,
g13_hongjun2,attack,95,66,1,1.00,1,0.728,0.683,1.00,,
g13_hongjun_texiao,fx_hit,80,1,1,1.00,1,0.988,0.984,5.00,,
g13_houtu,attack,49,40,3,1.00,1,0.477,0.474,1.00,,
g13_houtu2,attack,42,34,3,0.99,1,0.616,0.477,1.00,,
g13_houtu_texiao,fx_hit,52,0,1,1.00,1,0.490,0.482,1.00,,
g13_houyi2,attack,52,42,1,1.00,1,0.619,0.609,1.00,,
g13_huangdi,attack,78,54,2,1.00,1,0.683,0.450,0.94,,
g13_huangdi2,attack,64,55,4,1.00,1,0.682,0.365,1.00,,
g13_huangdi_texiao,fx_stack_down,5,0,1,1.00,1,0.988,0.988,0.00,,
g13_huangjinjia_nan,attack1-0,51,37,1,1.00,1,0.527,0.491,1.00,,
g13_hundun,attack,62,27,3,1.00,1,0.476,0.414,1.00,,
g13_huntunshizhuang_nan,attack1-0,37,27,1,1.00,1,0.570,0.533,1.00,,
g13_huntunshizhuang_nv,attack1-0,36,26,1,1.00,1,0.578,0.553,1.00,,
g13_jingwei,attack,65,47,4,1.00,1,0.457,0.440,1.06,,
g13_jiuweihu,attack,74,53,4,1.00,1,0.594,0.537,1.00,,
g13_jiuweihu_texiao,fx_hit,27,0,5,1.00,5,0.502,0.168,1.00,,
g13_jiuweihu_xianlv,dead,54,36,1,1.00,1,0.563,0.550,1.00,,
g13_juitianxuannv,attack-1,84,48,6,0.98,1,0.492,0.474,1.00,,
g13_juitianxuannv2,attack-1,79,43,3,1.00,1,0.561,0.530,1.00,,
g13_jumang,attack,83,50,6,0.99,1,0.613,0.411,1.00,,
g13_jumang_texiao,fx_hit,58,1,1,1.00,1,0.723,0.717,5.00,,
g13_kuiniu,attack,32,21,2,1.00,1,0.555,0.485,0.90,,
g13_kuiniu_texiao,fx_hit,152,0,1,1.00,1,0.988,0.985,0.00,,
g13_kun,attack,23,9,2,1.00,1,0.634,0.613,1.33,,
g13_kun_texiao,fx_hit,3,0,1,1.00,1,0.987,0.971,1.00,,
g13_liangqingqianquan_nan,attack1-0,46,31,1,1.00,1,0.501,0.496,1.06,,
g13_liangqingqianquan_nv,attack1-0,55,41,1,1.00,1,0.482,0.467,1.00,,
g13_long_nan,attack1-0,39,26,1,1.00,1,0.596,0.503,1.00,,
g13_long_nv,attack1-0,46,34,1,1.00,1,0.505,0.494,1.00,,
g13_longjuanjufeng_texiao,fx_stack,39,1,2,1.00,1,0.647,0.527,6.00,,
g13_luoshen,attack,57,46,2,1.00,1,0.519,0.457,0.91,,
g13_luoshen_texiao,fx_hit,38,1,1,1.00,1,0.988,0.928,2.00,,
g13_luozu,attack,58,49,2,1.00,1,0.542,0.484,0.92,,
g13_luozu_texiao,fx_hit,27,0,1,1.00,1,0.987,0.977,1.00,,fx_stack_down(0.34/3)
g13_luwu,attack,35,19,1,1.00,1,0.660,0.550,1.00,,
g13_luwu_texiao,fx_hit,23,0,1,1.00,1,0.992,0.986,2.00,,
g13_ma_nan,attack1-0,30,17,1,1.00,1,0.572,0.476,1.00,,
g13_ma_nv,attack1-0,33,21,1,1.00,1,0.661,0.476,1.00,,
g13_mingren,attack1-0,47,33,11,0.98,1,0.368,0.327,1.00,,
g13_mingzhongzhuding_nan,attack1-0,38,24,4,0.83,3,0.447,0.234,1.00,,
g13_mingzhongzhuding_nv,attack1-0,46,34,2,1.00,1,0.583,0.506,1.00,,
g13_nezha,attack-1,86,56,1,1.00,1,0.511,0.466,1.09,,
g13_nezha_2,attack-1,112,89,2,0.99,1,0.605,0.512,1.01,,
g13_niu_nv,attack1-0,30,19,1,1.00,1,0.549,0.425,1.00,,
g13_nvchou,attack,43,32,7,0.85,2,0.409,0.288,0.81,,
g13_nvchou_texiao,fx_hit,79,4,1,1.00,1,0.988,0.963,4.50,,
g13_nvwa,attack,68,46,2,1.00,1,0.666,0.617,0.93,,
g13_nvwa2,attack,82,56,5,0.93,2,0.529,0.515,1.00,,
g13_nvwa3,000,75,59,3,0.99,1,0.635,0.632,1.17,,
g13_nvwa_texiao,fx_buff_down,45,5,1,1.00,1,0.988,0.987,1.80,,
g13_nvwashenhun_texiao,fx_stack_down,57,0,1,1.00,1,0.984,0.727,2.00,,
g13_pangu,attack,46,25,2,1.00,1,0.581,0.552,1.08,,
g13_pangu2,attack,85,71,6,0.99,1,0.571,0.494,1.00,,
g13_pangu_texiao,fx_stack_down,17,1,1,1.00,1,0.891,0.884,1.00,,
g13_pixiu,attack,41,28,1,1.00,1,0.580,0.545,1.00,,
g13_pixiu_chengnian,idle,24,23,1,1.00,1,0.694,0.681,1.00,,
g13_pixiu_qinnian,run,41,25,2,0.99,1,0.687,0.644,1.40,,
g13_pixiu_younian,stand,20,20,1,1.00,1,0.702,0.674,1.00,,
g13_qinghuaci_nan,attack1-0,57,42,1,1.00,1,0.610,0.586,1.00,,
g13_qinghuaci_nv,attack1-0,67,51,1,1.00,1,0.656,0.509,1.00,,
g13_qinglong,attack,68,55,2,1.00,1,0.535,0.341,0.95,,
g13_qinglong_nan,attack1-0,56,40,3,0.90,2,0.566,0.473,1.00,,
g13_qinglong_nv,attack1-0,58,44,2,0.94,2,0.076,0.072,1.00,THUA,
g13_qinglong_texiao,fx_hit,39,2,1,1.00,1,1.000,0.981,1.50,,
g13_qinluan,attack,30,18,1,1.00,1,0.533,0.470,1.00,,
g13_qinluan_texiao,fx_hit,92,0,2,1.00,1,0.985,0.097,3.00,,
g13_qiongqi,attack,36,22,1,1.00,1,0.613,0.605,1.00,,
g13_qiongqi_boss,attack,30,27,1,1.00,1,0.655,0.472,1.00,,
g13_qiongqi_nan,attack1-0,52,41,1,1.00,1,0.570,0.531,1.00,,
g13_qiongqi_nv,attack1-0,54,43,2,0.98,2,0.515,0.466,1.00,,
g13_qiongqi_texiao,fx_hit,50,0,1,1.00,1,0.988,0.957,4.00,,
g13_qitiandasheng,attack-1,94,46,5,1.00,1,0.471,0.270,0.98,,
g13_qitiandasheng_texiao,fx_hit,12,0,1,1.00,1,0.988,0.977,2.00,,
g13_shanhailingtian,bozhong,12,12,7,0.95,3,0.374,0.109,0.08,THIEU,
g13_shenghuang_texiao,fx_hit,12,0,1,1.00,1,0.965,0.642,1.00,,
g13_shengqiling,attack,65,42,1,1.00,1,0.573,0.494,1.00,,
g13_shengqiling_texiao,fx_hit,150,0,1,1.00,1,0.988,0.971,0.00,,
g13_shengyeqiyuan_nan,attack1-0,44,32,1,1.00,1,0.476,0.461,1.00,,
g13_shengyeqiyuan_nv,attack1-0,51,40,1,1.00,1,0.515,0.488,1.00,,
g13_shenian_nan_0,attack1-0,52,41,1,1.00,1,0.757,0.671,1.00,,
g13_shenian_nv_0,attack1-0,61,45,1,1.00,1,0.728,0.660,1.00,,
g13_shi,attack,11,0,2,0.99,1,0.744,0.650,3.00,,
g13_shi2,attack,16,0,2,0.99,1,0.751,0.653,5.00,,
g13_shilaimu_anyexueji,attack1-0,50,36,3,1.00,1,0.600,0.327,0.97,,
g13_shilaimu_xiumuluqiya,attack1-0,43,25,1,1.00,1,0.464,0.453,1.00,,
g13_shilaimu_xixuebojuenan,attack1-0,60,45,4,0.84,2,0.446,0.380,0.98,,
g13_shilaimu_zhanshinan_1,attack1-0,44,29,1,1.00,1,0.564,0.455,1.00,,
g13_shizi_nan,attack1-0,45,32,1,1.00,1,0.595,0.591,1.00,,
g13_shuhu,attack,31,24,1,1.00,1,0.558,0.468,1.00,,
g13_shuiping_nv,attack1-0,61,49,7,0.94,2,0.567,0.478,1.00,,
g13_snake_nv,attack1-0,40,26,1,1.00,1,0.644,0.512,1.00,,
g13_sunv,attack,105,61,1,1.00,1,0.578,0.519,1.00,,
g13_sunv_texiao,fx_hit,23,0,1,1.00,1,0.990,0.922,1.00,,
g13_taiqingzhenren,attack,54,40,1,1.00,1,0.689,0.579,1.00,,
g13_taiqingzhenren2,attack-1,63,53,1,1.00,1,0.623,0.600,1.00,,
g13_taiqingzhenren3,attack-1,56,45,1,1.00,1,0.840,0.820,1.00,,
g13_taiqingzhenren_texiao,fx_stack_down,78,8,1,1.00,1,0.781,0.729,1.63,,
g13_taotie,attack,48,35,1,1.00,1,0.634,0.582,0.94,,
g13_taotie_boss,attack,51,41,5,0.97,1,0.450,0.413,1.00,,
g13_taotie_nan,attack1-0,37,26,1,1.00,1,0.647,0.529,1.00,,
g13_taotie_nv,attack1-0,37,27,1,1.00,1,0.553,0.516,1.00,,
g13_taotie_texiao,fx_hit,36,1,1,1.00,1,0.988,0.979,2.00,,
g13_taowu,attack,52,37,2,1.00,1,0.663,0.484,1.00,,
g13_taowu_nan,attack1-0,45,33,1,1.00,1,0.519,0.461,1.00,,
g13_taowu_nv,attack1-0,40,28,1,1.00,1,0.560,0.507,1.00,,
g13_tengshe,attack,51,35,2,1.00,1,0.567,0.531,0.97,,
g13_tengshe_texiao,fx_hit,63,0,1,1.00,1,1.000,0.986,1.00,,
g13_tiangou,attack,21,11,2,1.00,1,0.591,0.499,1.09,,
g13_tiangou_texiao,fx_hit,27,0,1,1.00,1,0.986,0.985,1.00,,
g13_tianping_nan,attack1-0,55,43,2,1.00,1,0.496,0.349,1.00,,
g13_tongtianjiaozhu,attack,64,45,2,1.00,1,0.683,0.537,1.00,,
g13_tongtianjiaozhu2,attack,121,46,2,0.99,1,0.583,0.523,1.00,,
g13_tongtianjiaozhu3,attack-1,108,43,1,1.00,1,0.695,0.638,1.02,,
g13_tongtianjiaozhu4,attack-1,67,48,1,1.00,1,0.764,0.704,1.00,,
g13_tongtianjiaozhu_texiao,fx_hit,67,2,3,1.00,1,0.737,0.132,3.00,,
g13_xia_nan,attack1-0,60,49,2,1.00,1,0.447,0.430,1.00,,
g13_xia_nv,attack1-0,50,33,1,1.00,1,0.542,0.460,1.06,,
g13_xiangliu,attack,42,20,3,1.00,1,0.569,0.561,1.15,,
g13_xianglui2_texiao,fx_hit,35,6,1,1.00,1,0.988,0.983,1.17,,
g13_xihe,attack,60,29,3,0.89,2,0.568,0.533,1.14,,
g13_xihe_texiao,fx_stack_down,74,0,1,1.00,1,0.988,0.970,0.00,,
g13_xingkong_nan,attack1-0,52,41,2,0.98,2,0.555,0.490,1.00,,
g13_xingkong_nv,attack1-0,68,56,4,1.00,1,0.557,0.535,1.00,,
g13_xinnianpifu_nan,attack1-0,55,36,1,1.00,1,0.594,0.527,1.00,,
g13_xinnianpifu_nv,attack1-0,60,40,3,0.99,1,0.562,0.498,1.10,,
g13_xiwangmu,attack,45,34,2,1.00,1,0.592,0.447,1.00,,
g13_xiwangmu_texiao,fx_hit,33,1,1,1.00,1,0.577,0.564,2.00,,
g13_xuangui,attack,28,6,1,1.00,1,0.673,0.597,1.33,,
g13_xuangui_texiao,fx_hit,22,0,1,1.00,1,0.987,0.950,1.00,,
g13_xuanwu,attack,36,23,1,1.00,1,0.714,0.589,0.91,,
g13_xuanwu_nan,attack1-0,62,47,4,0.95,2,0.490,0.446,1.00,,
g13_xuanwu_nv,attack1-0,67,53,6,0.96,1,0.505,0.479,1.00,,
g13_xuanwu_texiao,fx_stack_down,29,4,1,1.00,1,0.905,0.903,0.00,THIEU,
g13_xueyuan,attack,36,19,1,1.00,1,0.669,0.564,1.00,,
g13_xueyuan_texiao,fx_hit,108,0,2,1.00,1,0.517,0.293,1.00,,
g13_yangjian,attack-1,92,68,1,1.00,1,0.619,0.552,1.00,,
g13_yangjian2,attack-1,96,82,2,1.00,1,0.579,0.561,1.01,,
g13_yaochixianhe,run,26,12,10,0.99,1,0.400,0.336,1.92,,
g13_yinglong,attack,61,37,1,1.00,1,0.524,0.508,1.00,,
g13_yinglong_texiao,fx_stack_down,30,4,5,1.00,3,0.952,0.250,0.00,THIEU,
g13_yougu_nan,attack1-0,52,41,3,1.00,1,0.618,0.572,1.00,,
g13_yougu_nv,attack1-0,61,47,5,0.99,1,0.571,0.536,1.00,,
g13_yuanshitianzun,attack,63,32,1,1.00,1,0.624,0.567,1.00,,
g13_yuanshitianzun2,attack,43,38,2,1.00,1,0.705,0.669,1.00,,
g13_yuanshitianzun_texiao,fx_hit,17,0,1,1.00,1,0.980,0.974,2.00,,
g13_yuelao,attack,54,46,3,0.94,2,0.532,0.488,1.00,,
g13_yushi,attack,50,29,2,1.00,1,0.517,0.446,1.03,,
g13_yushi_texiao,fx_hit,39,0,1,1.00,1,0.993,0.986,1.00,,
g13_zaochi,attack,31,15,1,1.00,1,0.635,0.564,1.00,,
g13_zhaolinger_xianlv,dead,76,64,1,1.00,1,0.538,0.502,1.00,,
g13_zheng,attack,29,21,1,1.00,1,0.552,0.487,1.00,,
g13_zhu_nan,attack1-0,31,19,1,1.00,1,0.599,0.448,1.00,,
g13_zhu_nv,attack1-0,35,24,4,0.92,2,0.538,0.427,1.00,,
g13_zhuangyuanxiaotou,idle,29,27,1,1.00,1,0.590,0.571,1.00,,
g13_zhuganglie,attack,32,15,1,1.00,1,0.545,0.385,0.93,,
g13_zhuganglie_texiao,fx_hit,66,1,1,1.00,1,0.988,0.944,4.00,,
g13_zhujiuyin,attack,76,38,1,1.00,1,0.772,0.716,1.00,,
g13_zhujiuyin2,attack,47,39,3,0.99,1,0.518,0.464,1.00,,
g13_zhujiuyin_texiao,fx_stack_down,28,2,4,0.99,1,0.351,0.351,0.00,THIEU,
g13_zhulong_xianlv,0,42,27,1,1.00,1,0.470,0.453,1.00,,
g13_zhuque,attack,48,40,3,1.00,1,0.428,0.407,0.93,,
g13_zhuque_nan,attack1-0,50,39,3,0.97,2,0.516,0.464,1.00,,
g13_zhuque_nv,attack1-0,57,46,4,1.00,1,0.559,0.535,1.00,,
g13_zhuque_texiao,fx_hit,85,0,1,1.00,1,1.000,0.643,3.00,,
g13_ziyixianzi_xianlv,dead,38,32,1,1.00,1,0.538,0.501,1.00,,
g9_zhubajie_4jie,attack,45,35,1,1.00,1,0.539,0.469,1.00,,
gamma1,Combo1,24,20,1,1.00,1,0.642,0.614,1.00,,
gamma2,Combo1,24,20,1,1.00,1,0.642,0.620,1.00,,
gogeta,Combo1,24,22,1,1.00,1,0.757,0.671,1.00,,
gogeta_broly,Combo1,25,20,1,1.00,1,0.898,0.809,0.95,,
gogeta_red,Combo1,25,20,1,1.00,1,0.898,0.809,0.95,,
gogeta_ssj5_toctim,Combo1,25,24,1,1.00,1,0.864,0.810,1.00,,
gogeta_toc_vang,Combo1,25,20,1,1.00,1,0.898,0.809,0.95,,
gogeta_toc_xanh,Combo1,25,20,1,1.00,1,0.898,0.809,0.95,,
gohan_dau_vang,Combo1,20,18,1,1.00,1,0.769,0.709,1.00,,
gohan_huydiet,Combo1,21,19,1,1.00,1,0.762,0.706,1.00,,
gohan_ssj1,Combo1,23,21,1,1.00,1,0.803,0.699,0.95,,
goku,Combo1,23,21,1,1.00,1,0.789,0.688,0.95,,
goku_black,Combo1,27,23,1,1.00,1,0.900,0.856,1.00,,
goku_dau_vang,Combo1,20,18,1,1.00,1,0.781,0.693,1.00,,
goku_huydiet,Combo1,22,19,1,1.00,1,0.771,0.689,1.00,,
goku_rose_1,Combo1,28,22,1,1.00,1,0.779,0.697,0.95,,
goku_rose_3,Combo1,28,22,1,1.00,1,0.779,0.697,0.95,,
goku_sontinh,Combo1,24,22,1,1.00,1,0.729,0.689,1.00,,
goku_ssj5,Combo1,23,21,1,1.00,1,0.849,0.815,1.00,,
goku_ssj5_toc_den,Combo1,22,21,1,1.00,1,0.848,0.815,1.00,,
goku_ssj5_toc_do,Combo1,22,21,1,1.00,1,0.848,0.815,1.00,,
goku_ssj5_white,Combo1,23,21,1,1.00,1,0.851,0.807,1.00,,
goku_thuy_tinh,Combo1,28,24,1,1.00,1,0.641,0.619,1.00,,
goku_trang,Combo1,21,20,1,1.00,1,0.796,0.710,1.00,,
golden_frieza,Combo1,21,19,1,1.00,1,0.486,0.441,1.00,,
gomah,Combo1,20,18,1,1.00,1,0.718,0.668,1.00,,
goten,Combo1,22,19,1,1.00,1,0.740,0.690,1.00,,
guldo,Combo1,24,23,1,1.00,1,0.743,0.684,0.96,,
hearts2,Combo1,28,22,1,1.00,1,0.695,0.583,1.00,,
hit,Combo1,24,21,1,1.00,1,0.692,0.594,1.00,,
jeice,Combo1,26,23,1,1.00,1,0.780,0.706,1.00,,
jiren,Combo1,23,21,1,1.00,1,0.673,0.602,1.00,,
jiren_max,Combo1,21,18,1,1.00,1,0.667,0.570,1.00,,
kefla,Combo1,24,20,1,1.00,1,0.785,0.781,1.00,,
kefla_broly,Combo1,24,20,1,1.00,1,0.782,0.778,1.00,,
khi_oozaru,Die,119,21,1,1.00,1,0.567,0.528,1.00,,
khi_trang,Die,60,21,1,1.00,1,0.757,0.583,1.00,,
khi_vang,Die,120,22,1,1.00,1,0.571,0.538,1.00,,
kunshi,Combo1,20,18,1,1.00,1,0.705,0.660,1.00,,
li_shenron,Combo1,20,19,1,1.00,1,0.761,0.692,1.00,,
liiquir,Combo1,26,22,1,1.00,1,0.597,0.504,1.00,,
majin_duu_1,Combo1,21,19,1,1.00,1,0.794,0.715,1.00,,
majin_duu_2,Combo1,20,18,1,1.00,1,0.750,0.638,1.00,,
monster_carrot,Combo1,17,14,1,1.00,1,0.771,0.666,1.00,,
moro,Combo1,20,18,1,1.00,1,0.685,0.653,1.00,,
namek,Combo1,23,21,1,1.00,1,0.597,0.529,0.95,,
namek 3,Combo1,23,21,1,1.00,1,0.597,0.528,0.95,,
namek_2.1,Combo1,25,22,1,1.00,1,0.799,0.634,1.00,,
namek_god,Combo1,26,23,1,1.00,1,0.737,0.669,1.00,,
namek_huydiet,Combo1,23,20,1,1.00,1,0.707,0.655,1.00,,
namek_skin2,Combo1,24,21,1,1.00,1,0.778,0.638,1.00,,
namek_vang,Combo1,22,18,1,1.00,1,0.742,0.702,1.00,,
namek_vang_2,Combo1,24,20,1,1.00,1,0.694,0.667,1.00,,
piccolo_oranges_1,Combo1,20,19,1,1.00,1,0.692,0.606,1.00,,
puipui,Combo1,18,16,1,1.00,1,0.723,0.684,1.00,,
recoome,Combo1,24,20,1,1.00,1,0.775,0.676,1.00,,
redhead,Combo1,22,15,1,1.00,1,0.755,0.708,0.93,,
so_4,Combo1,23,19,1,1.00,1,0.713,0.593,1.00,,
soi_xanh1,Combo1,21,17,1,1.00,1,0.429,0.398,1.00,,
songoku_trang,Combo1,29,27,1,1.00,1,0.776,0.651,1.00,,
superandroid13.1,Combo1,21,18,1,1.00,1,0.735,0.687,1.00,,
tao_paipai,Combo1,25,23,1,1.00,1,0.702,0.605,0.96,,
uub,Combo1,23,20,1,1.00,1,0.631,0.575,0.95,,
uub1,Combo1,22,19,1,1.00,1,0.797,0.727,1.00,,
vegeta,Combo1,21,19,1,1.00,1,0.601,0.548,0.95,,
vegeta_baibien,Combo1,23,20,1,1.00,1,0.561,0.544,1.00,,
vegeta_dau_vang,Combo1,20,18,1,1.00,1,0.735,0.706,1.00,,
vegeta_huydiet,Combo1,22,19,1,1.00,1,0.733,0.709,1.00,,
vegeta_ssj2,Combo1,21,19,1,1.00,1,0.793,0.712,0.95,,
vegeta_whis,Combo1,25,22,1,1.00,1,0.677,0.567,1.00,,
vegito,Combo1,23,21,1,1.00,1,0.745,0.705,0.95,,
vegito_vocuc,Combo1,23,21,1,1.00,1,0.745,0.705,0.95,,
vermoud,Combo1,22,21,1,1.00,1,0.763,0.646,1.00,,
whis,Combo1,31,24,1,1.00,1,0.631,0.586,1.00,,
xicor,Combo1,27,24,1,1.00,1,0.731,0.679,1.00,,
yamcha,Combo1,24,20,1,1.00,1,0.712,0.636,0.95,,
zarbon,Combo1,27,24,1,1.00,1,0.550,0.465,0.96,,
zeno,Combo1,23,18,1,1.00,1,0.620,0.504,1.00,,
