ten,phan,anim,pixel_lon_nhat,dominant,manh_2pct,slot,node_co_hieu,node_do_day,node_slot,ghi_chu
10003,OK,Combo1,2501,1,1,19,,0.735,1.00,""
10025,OK,Combo1,2091,1,1,15,,0.657,1.00,""
agnilasa_dragon_ball1,OK,Combo1,2191,1,1,18,,0.673,1.00,""
android13,OK,Combo1,3131,1,1,20,,0.708,1.00,""
android14,OK,Combo1,2935,1,1,23,,0.668,1.00,""
android15,OK,Combo1,3677,1,1,15,,0.725,1.00,""
android16,OK,Combo1,3886,1,1,22,,0.771,1.00,""
android17,OK,Combo1,4127,1,1,20,,0.723,0.95,""
android18,OK,Combo1,3881,1,1,23,,0.732,1.00,""
android20_1,OK,Combo1,3531,1,1,18,,0.888,1.00,""
android20_2,OK,Combo1,3292,1,1,19,,0.656,1.00,""
android_19.1_skin,OK,Combo1,2377,1,1,17,,0.672,1.00,""
baby_vegata,OK,Combo1,3013,1,1,23,,0.822,1.00,""
baby_vegata_ssj2,OK,Combo1,3379,1,1,20,,0.780,1.00,""
beerus,OK,Combo1,2144,1,1,21,,0.443,1.00,""
black_blue,OK,Combo1,3600,1,1,22,,0.779,0.95,""
black_broly,OK,Combo1,3556,1,1,22,,0.779,0.95,""
black_frieza,OK,Combo1,1744,1,1,19,,0.491,1.00,""
black_tim,OK,Combo1,3557,1,1,22,,0.779,0.95,""
black_white,OK,Combo1,3560,1,1,22,,0.779,0.95,""
blue,OK,Combo1,3608,1,1,19,,0.728,0.95,""
bluehead,OK,Combo1,4134,1,1,19,,0.743,0.95,""
bo_lao,OK,Combo1,1870,0.999,1,15,,0.637,1.00,""
broly,OK,Combo1,3296,1,1,25,,0.739,0.96,""
broly_dau_vang,OK,Combo1,3410,1,1,18,,0.767,1.00,""
broly_form_2,OK,Combo1,3370,1,1,27,,0.904,1.00,""
broly_huydiet,OK,Combo1,3510,1,1,20,,0.776,1.00,""
broly_huydiet_2,OK,Combo1,3459,1,1,20,,0.802,1.00,""
broly_ssj2,OK,Combo1,3585,1,1,25,,0.739,0.96,""
broly_tocbac,OK,Combo1,3915,1,1,20,,0.799,1.00,""
broly_tocxanhla,OK,Combo1,3896,1,1,22,,0.802,1.00,""
broly_toc_den,OK,Combo1,3213,0.999,1,23,,0.804,1.00,""
broly_toc_do,OK,Combo1,2756,1,1,20,,0.811,1.00,""
bulma_baibien,OK,Combo1,2238,1,1,23,,0.584,1.00,""
bulma_halloween,OK,Combo1,2218,1,1,24,,0.651,1.00,""
bulma_halloween2,OK,Combo1,3310,1,1,22,,0.720,1.00,""
bulma_kimono,OK,Combo1,3233,1,1,23,,0.751,1.00,""
bulma_nhatbinh,OK,Combo1,3011,1,1,25,,0.738,1.00,""
bulma_noel,OK,Combo1,2902,1,1,16,,0.688,1.00,""
bulma_rabbit,OK,Combo1,2840,1,1,24,,0.514,1.00,""
buuhan,OK,Combo1,2400,1,1,19,,0.573,1.00,""
bu_map,OK,Combo1,2121,1,1,21,,0.804,1.00,""
captain_ginyu,OK,Combo1,1713,1,1,24,,0.719,1.00,""
cell_bohung,OK,Combo1,2443,1,1,20,,0.792,1.00,""
cell_bohung2,OK,Combo1,3357,1,1,19,,0.758,1.00,""
cell_bohung_3,OK,Combo1,2449,1,1,18,,0.648,1.00,""
cell_do,OK,Combo1,2340,1,1,21,,0.728,1.00,""
cell_do2,OK,Combo1,1451,0.999,1,22,,0.517,1.00,""
cell_trang,OK,Combo1,2497,0.999,1,20,,0.756,1.00,""
cui,OK,Combo1,3747,1,1,22,,0.715,0.95,""
cumber,OK,Combo1,2230,0.996,1,21,,0.870,1.00,""
cumber_tocvang,OK,Combo1,2552,0.995,2,21,,0.867,1.00,""
cumber_toc_trang,OK,Combo1,2647,0.997,1,21,,0.857,1.00,""
dabura,OK,Combo1,2018,0.997,1,20,,0.734,1.00,""
dodoria,OK,Combo1,3119,1,1,24,,0.749,1.00,""
dokkan,OK,Combo1,2582,1,1,19,,0.697,1.00,""
dyspo,OK,Combo1,2613,1,1,16,,0.744,1.00,""
fide,OK,Combo1,2347,1,1,18,,0.716,0.94,""
fieza,OK,Attack,882,1,1,19,,0.785,0.95,""
fieza3rdform,OK,Combo1,2382,1,1,18,,0.723,0.94,""
fire1,OK,Combo1,2106,1,2,18,,0.709,0.94,""
fu,OK,Combo1,1881,1,1,20,,0.728,1.00,""
Full_FX,OK,Combo1,992,1,1,4,,0.775,0.00,"trang 2/5 mau (hieu ung ngat quang theo vong lap, dur=0.43s)"
g13_6yuan_nv,OK,attack1-0,1642,1,2,34,,0.449,1.00,""
g13_baigufuren_xianlv,OK,dead,1600,1,1,61,,0.598,1.00,""
g13_baihu,OK,attack,1439,1,1,56,,0.549,1.00,""
g13_baihu_nan,OK,attack1-0,2086,0.997,2,47,,0.459,1.00,""
g13_baihu_nv,OK,attack1-0,2138,0.982,2,45,,0.485,1.00,""
g13_baihu_texiao,OK,fx_hit,1947,1,5,13,,0.988,0.00,"trang 1/5 mau (hieu ung ngat quang theo vong lap, dur=0.43s)"
g13_baisuzhen_xianlv,OK,dead,2173,1,1,54,,0.538,1.00,""
g13_baiyang_nv,OK,attack1-0,2863,1,1,30,,0.622,1.00,""
g13_baize,OK,attack,1840,0.997,2,35,,0.593,1.09,""
g13_baizhe_texiao,OK,fx_buff_down,592,1,2,1,,0.988,1.00,""
g13_bifang,OK,attack,1660,1,1,15,,0.517,1.15,""
g13_bifang_texiao,OK,fx_hit,376,1,3,8,,0.988,4.00,"trang 1/5 mau (hieu ung ngat quang theo vong lap, dur=0.47s) | cam nghi lech (truoc fix): 0"
g13_bingfeng_q_nan,OK,attack1-0,1306,1,1,33,,0.564,1.00,""
g13_bingfeng_q_nv,OK,attack1-0,1262,1,1,32,,0.576,1.00,""
g13_biyiniao,OK,attack,1000,1,1,13,,0.587,1.00,""
g13_biyiniao_texiao,OK,fx_hit,2835,1,4,8,,0.944,2.00,""
g13_biyuexianzi_xianlv,OK,dead,1484,1,1,37,,0.546,1.00,""
g13_cangjie,OK,attack,1927,0.999,1,23,,0.558,1.00,""
g13_cangjie_texiao,OK,fx_hit,745,1,4,12,,0.984,2.00,"cam nghi lech (truoc fix): 0"
g13_change,OK,attack,1552,1,1,48,,0.524,1.00,""
g13_change_texiao,OK,fx_hit,2799,1,4,8,,0.944,2.00,""
g13_chenghuang,OK,attack,1871,1,1,13,,0.641,1.00,""
g13_chiyou,OK,attack,1023,1,1,44,,0.517,1.00,""
g13_chiyou2,OK,attack,840,1,2,41,,0.532,1.00,""
g13_chiyou_texiao,OK,fx_hit,1665,0.99,2,3,,0.988,3.00,"trang 2/5 mau (hieu ung ngat quang theo vong lap, dur=0.3s)"
g13_chongmingniao_xianlv,OK,dead,1585,0.985,2,33,,0.480,1.00,""
g13_chutian,OK,attack1-0,1725,0.937,2,44,,0.468,1.00,""
g13_dijiang,OK,attack,1835,0.995,2,51,,0.703,1.00,""
g13_dijiang_texiao,OK,fx_stack_down,979,1,1,0,,0.987,0.00,"trang 3/5 mau (hieu ung ngat quang theo vong lap, dur=2s)"
g13_dijun,OK,attack,1828,1,1,61,,0.603,1.00,""
g13_dijun2,OK,attack,2617,0.998,1,53,,0.564,1.00,""
g13_dijun_texiao,OK,fx_hit,2010,1,6,4,,0.981,3.00,"trang 1/5 mau (hieu ung ngat quang theo vong lap, dur=0.33s)"
g13_donghuangtaiyi,OK,attack,941,1,2,59,,0.576,0.95,""
g13_donghuangtaiyi2,OK,attack,2494,0.995,1,48,,0.549,1.00,""
g13_duanwu_nv,OK,attack1-0,1140,0.997,1,33,,0.492,1.03,""
g13_ershu,OK,attack,1215,0.96,3,9,,0.587,1.00,"cam nghi lech (truoc fix): 0.78"
g13_feixingguanggao,OK,stand,1912,1,1,21,,0.491,1.00,""
g13_fuxi,OK,attack,1456,0.992,2,30,,0.664,1.00,""
g13_fuxi2,OK,attack,2351,0.999,1,44,,0.560,1.00,""
g13_fuxi_texiao,OK,fx_hit,25,1,1,8,THIEU,0.993,0.00,"trang 3/5 mau (hieu ung ngat quang theo vong lap, dur=1.27s) | node: THIEU | cam nghi lech (truoc fix): 0"
g13_gonggong,OK,attack,740,1,1,37,,0.620,1.00,""
g13_gonggong_texiao,OK,fx_hit,519,1,6,9,,0.890,1.17,"cam nghi lech (truoc fix): 0"
g13_guai_fuzhu,OK,attack,1337,1,1,17,,0.696,1.00,""
g13_guai_hundun,OK,attack,985,0.998,3,20,,0.504,1.00,"cam nghi lech (truoc fix): 0.65"
g13_guai_hundun_texiao,OK,fx_hit,573,0.993,4,2,,0.585,2.00,"trang 1/5 mau (hieu ung ngat quang theo vong lap, dur=0.37s) | cam nghi lech (truoc fix): 0"
g13_guai_qitiandasheng,OK,attack,177,1,4,45,,0.471,0.98,"pixel it: 177"
g13_guai_taowu,OK,attack,1628,0.999,2,17,,0.552,1.00,""
g13_guai_zheng,OK,attack,1515,1,1,22,,0.561,1.00,""
g13_guai_zheng_texiao,OK,fx_hit,14,1,2,9,,0.493,1.13,"cam nghi lech (truoc fix): 0 | pixel it: 14"
g13_hanba,OK,attack,1823,0.999,1,42,,0.580,1.00,""
g13_hongjun,OK,attack,1808,1,1,44,,0.611,1.00,""
g13_hongjun2,OK,attack,1810,1,4,66,,0.728,1.00,""
g13_hongjun_texiao,OK,fx_hit,17,1,1,4,,0.988,5.00,"cam nghi lech (truoc fix): 0 | pixel it: 17"
g13_houtu,OK,attack,1342,0.995,2,40,,0.477,1.00,""
g13_houtu2,OK,attack,1542,1,1,34,,0.616,1.00,""
g13_houtu_texiao,OK,fx_hit,1213,1,7,1,,0.490,1.00,""
g13_houyi2,OK,attack,1192,0.999,2,42,,0.619,1.00,""
g13_huangdi,OK,attack,426,1,1,51,,0.683,0.94,""
g13_huangdi2,OK,attack,423,1,1,55,,0.682,1.00,""
g13_huangdi_texiao,OK,fx_stack_down,930,0.997,1,0,,0.988,0.00,"trang 3/5 mau (hieu ung ngat quang theo vong lap, dur=2.2s)"
g13_huangjinjia_nan,OK,attack1-0,1183,1,1,37,,0.527,1.00,""
g13_hundun,OK,attack,394,0.997,3,27,,0.476,1.00,""
g13_huntunshizhuang_nan,OK,attack1-0,1317,1,1,27,,0.570,1.00,""
g13_huntunshizhuang_nv,OK,attack1-0,1290,1,1,26,,0.578,1.00,""
g13_jingwei,OK,attack,1454,0.999,2,50,,0.457,1.06,""
g13_jiuweihu,OK,attack,1945,1,1,52,,0.594,1.00,""
g13_jiuweihu_texiao,OK,fx_hit,916,1,5,5,,0.502,1.00,""
g13_jiuweihu_xianlv,OK,dead,2563,0.997,2,38,,0.563,1.00,""
g13_juitianxuannv,OK,attack-1,1818,0.987,1,48,,0.492,1.00,""
g13_juitianxuannv2,OK,attack-1,1979,0.999,1,43,,0.561,1.00,""
g13_jumang,OK,attack,729,1,1,50,,0.613,1.00,""
g13_jumang_texiao,OK,fx_hit,628,0.892,3,4,,0.723,5.00,"cam nghi lech (truoc fix): 0"
g13_kuiniu,OK,attack,1768,1,1,20,,0.555,0.90,""
g13_kuiniu_texiao,OK,fx_hit,1822,1,7,2,,0.988,0.00,""
g13_kun,OK,attack,2733,1,1,12,,0.634,1.33,""
g13_kun_texiao,OK,fx_hit,2250,1,6,1,,0.987,1.00,""
g13_liangqingqianquan_nan,OK,attack1-0,2009,1,1,33,,0.501,1.06,""
g13_liangqingqianquan_nv,OK,attack1-0,2057,1,1,41,,0.482,1.00,""
g13_longjuanjufeng_texiao,OK,fx_stack,1140,1,5,6,,0.647,6.00,"cam nghi lech (truoc fix): 0"
g13_long_nan,OK,attack1-0,2099,1,1,26,,0.596,1.00,""
g13_long_nv,OK,attack1-0,2026,0.997,2,34,,0.505,1.00,""
g13_luoshen,OK,attack,938,0.995,2,42,,0.519,0.91,""
g13_luoshen_texiao,OK,fx_hit,676,0.997,5,7,,0.988,2.00,"cam nghi lech (truoc fix): 0"
g13_luozu,OK,attack,2080,1,2,45,,0.542,0.92,""
g13_luozu_texiao,OK,fx_hit,3042,1,10,1,,0.987,1.00,""
g13_luwu,OK,attack,1837,1,1,19,,0.660,1.00,""
g13_luwu_texiao,OK,fx_hit,917,1,2,2,,0.992,2.00,""
g13_ma_nan,OK,attack1-0,2319,0.999,1,17,,0.572,1.00,""
g13_ma_nv,OK,attack1-0,2374,1,1,21,,0.661,1.00,""
g13_mingren,OK,attack1-0,1461,0.99,1,31,,0.368,1.00,""
g13_mingzhongzhuding_nan,OK,attack1-0,556,0.957,3,24,,0.447,1.00,""
g13_mingzhongzhuding_nv,OK,attack1-0,1877,0.995,1,34,,0.583,1.00,""
g13_nezha,OK,attack-1,881,0.994,3,65,,0.511,1.09,""
g13_nezha_2,OK,attack-1,1135,1,2,98,,0.605,1.01,""
g13_niu_nv,OK,attack1-0,1799,0.997,2,19,,0.549,1.00,""
g13_nvchou,OK,attack,613,0.998,2,26,,0.409,0.81,""
g13_nvchou_texiao,OK,fx_hit,3748,1,5,17,,0.988,4.50,"trang 1/5 mau (hieu ung ngat quang theo vong lap, dur=2.33s) | cam nghi lech (truoc fix): 0"
g13_nvwa,OK,attack,1868,1,1,43,,0.666,0.93,""
g13_nvwa2,OK,attack,328,1,1,56,,0.529,1.00,""
g13_nvwa3,OK,000,2576,0.93,2,69,,0.635,1.17,""
g13_nvwashenhun_texiao,OK,fx_stack_down,1599,0.997,6,2,,0.984,2.00,"trang 2/5 mau (hieu ung ngat quang theo vong lap, dur=2.53s)"
g13_nvwa_texiao,OK,fx_buff_down,148,1,1,9,,0.988,1.80,"cam nghi lech (truoc fix): 0 | pixel it: 148"
g13_pangu,OK,attack,1241,1,1,27,,0.581,1.08,""
g13_pangu2,OK,attack,1229,0.977,2,71,,0.571,1.00,""
g13_pangu_texiao,OK,fx_stack_down,809,1,1,3,,0.891,1.00,"trang 2/5 mau (hieu ung ngat quang theo vong lap, dur=2.47s) | cam nghi lech (truoc fix): 0"
g13_pixiu,OK,attack,1488,1,1,28,,0.580,1.00,""
g13_pixiu_chengnian,OK,idle,2040,1,1,23,,0.694,1.00,""
g13_pixiu_qinnian,OK,run,1193,1,1,35,,0.687,1.40,""
g13_pixiu_younian,OK,stand,3165,0.997,1,20,,0.702,1.00,""
g13_qinghuaci_nan,OK,attack1-0,2222,1,1,42,,0.610,1.00,""
g13_qinghuaci_nv,OK,attack1-0,1632,0.999,1,51,,0.656,1.00,""
g13_qinglong,OK,attack,91,1,2,52,,0.535,0.95,"pixel it: 91"
g13_qinglong_nan,OK,attack1-0,2032,1,2,40,,0.566,1.00,""
g13_qinglong_nv,OK,attack1-0,2091,1,2,44,THUA,0.076,1.00,"node: THUA | cam nghi lech (truoc fix): 0"
g13_qinglong_texiao,OK,fx_hit,198,1,2,7,,1.000,1.50,"cam nghi lech (truoc fix): 0 | pixel it: 198"
g13_qinluan,OK,attack,1044,1,1,18,,0.533,1.00,""
g13_qinluan_texiao,OK,fx_hit,1622,0.947,3,5,,0.985,3.00,"trang 1/5 mau (hieu ung ngat quang theo vong lap, dur=0.47s)"
g13_qiongqi,OK,attack,1745,1,1,22,,0.613,1.00,""
g13_qiongqi_boss,OK,attack,1532,0.996,2,27,,0.655,1.00,""
g13_qiongqi_nan,OK,attack1-0,2321,1,1,41,,0.570,1.00,""
g13_qiongqi_nv,OK,attack1-0,2483,1,3,43,,0.515,1.00,""
g13_qiongqi_texiao,OK,fx_hit,1479,1,13,11,,0.988,4.00,""
g13_qitiandasheng,OK,attack-1,201,1,4,48,,0.471,0.98,"pixel it: 201"
g13_qitiandasheng_texiao,OK,fx_hit,741,1,5,2,,0.988,2.00,""
g13_shanhailingtian,OK,bozhong,1533,1,4,1,THIEU,0.374,0.08,"trang 1/5 mau (hieu ung ngat quang theo vong lap, dur=1.83s) | node: THIEU | cam nghi lech (truoc fix): 0.42"
g13_shenghuang_texiao,OK,fx_hit,3301,0.999,3,2,,0.965,1.00,""
g13_shengqiling,OK,attack,1013,1,1,42,,0.573,1.00,""
g13_shengqiling_texiao,OK,fx_hit,1105,1,5,7,,0.988,0.00,""
g13_shengyeqiyuan_nan,OK,attack1-0,2024,0.999,1,32,,0.476,1.00,""
g13_shengyeqiyuan_nv,OK,attack1-0,2976,1,1,40,,0.515,1.00,""
g13_shenian_nan_0,OK,attack1-0,1668,1,1,41,,0.757,1.00,""
g13_shenian_nv_0,OK,attack1-0,1869,1,1,45,,0.728,1.00,""
g13_shi,OK,attack,1439,1,2,2,,0.744,3.00,""
g13_shi2,OK,attack,1594,1,2,3,,0.751,5.00,""
g13_shilaimu_anyexueji,OK,attack1-0,1050,0.997,2,35,,0.600,0.97,""
g13_shilaimu_xiumuluqiya,OK,attack1-0,911,1,1,25,,0.464,1.00,""
g13_shilaimu_xixuebojuenan,OK,attack1-0,1643,1,2,44,,0.446,0.98,""
g13_shilaimu_zhanshinan_1,OK,attack1-0,662,1,1,29,,0.564,1.00,""
g13_shizi_nan,OK,attack1-0,2770,1,1,32,,0.595,1.00,""
g13_shuhu,OK,attack,1412,0.999,1,24,,0.558,1.00,""
g13_shuiping_nv,OK,attack1-0,2767,0.863,3,48,,0.567,1.00,""
g13_snake_nv,OK,attack1-0,2416,0.986,1,26,,0.644,1.00,""
g13_sunv,OK,attack,1979,1,1,61,,0.578,1.00,""
g13_sunv_texiao,OK,fx_hit,2002,0.995,22,9,,0.990,1.00,""
g13_taiqingzhenren,OK,attack,1997,0.997,1,40,,0.689,1.00,""
g13_taiqingzhenren2,OK,attack-1,2136,1,1,53,,0.623,1.00,""
g13_taiqingzhenren3,OK,attack-1,1802,0.989,1,45,,0.840,1.00,""
g13_taiqingzhenren_texiao,OK,fx_stack_down,1672,1,1,13,,0.781,1.63,"cam nghi lech (truoc fix): 0"
g13_taotie,OK,attack,1616,1,1,33,,0.634,0.94,""
g13_taotie_boss,OK,attack,1580,0.978,1,41,,0.450,1.00,""
g13_taotie_nan,OK,attack1-0,1832,1,1,26,,0.647,1.00,""
g13_taotie_nv,OK,attack1-0,1319,1,1,27,,0.553,1.00,""
g13_taotie_texiao,OK,fx_hit,127,1,1,13,,0.988,2.00,"trang 4/5 mau (hieu ung ngat quang theo vong lap, dur=1.83s) | cam nghi lech (truoc fix): 0"
g13_taowu,OK,attack,1718,1,1,37,,0.663,1.00,""
g13_taowu_nan,OK,attack1-0,1554,0.998,1,33,,0.519,1.00,""
g13_taowu_nv,OK,attack1-0,1720,0.996,2,28,,0.560,1.00,""
g13_tengshe,OK,attack,2171,1,1,34,,0.567,0.97,""
g13_tengshe_texiao,OK,fx_hit,1484,1,1,15,,1.000,1.00,""
g13_tiangou,OK,attack,2525,1,2,12,,0.591,1.09,""
g13_tiangou_texiao,OK,fx_hit,1350,1,1,1,,0.986,1.00,""
g13_tianping_nan,OK,attack1-0,1174,0.835,3,43,,0.496,1.00,""
g13_tongtianjiaozhu,OK,attack,860,0.992,1,46,,0.683,1.00,""
g13_tongtianjiaozhu2,OK,attack,2379,1,1,46,,0.583,1.00,""
g13_tongtianjiaozhu3,OK,attack-1,2335,1,1,44,,0.695,1.02,""
g13_tongtianjiaozhu4,OK,attack-1,1898,0.999,1,48,,0.764,1.00,""
g13_tongtianjiaozhu_texiao,OK,fx_hit,161,0.994,6,7,,0.737,3.00,"trang 1/5 mau (hieu ung ngat quang theo vong lap, dur=0.47s) | cam nghi lech (truoc fix): 0"
g13_xiangliu,OK,attack,1695,1,1,25,,0.569,1.15,""
g13_xianglui2_texiao,OK,fx_hit,52,1,2,7,,0.988,1.17,"cam nghi lech (truoc fix): 0 | pixel it: 52"
g13_xia_nan,OK,attack1-0,2244,1,2,49,,0.447,1.00,""
g13_xia_nv,OK,attack1-0,2845,1,1,35,,0.542,1.06,""
g13_xihe,OK,attack,1497,1,2,35,,0.568,1.14,""
g13_xihe_texiao,OK,fx_stack_down,1373,1,7,0,,0.988,0.00,"trang 3/5 mau (hieu ung ngat quang theo vong lap, dur=1.63s)"
g13_xingkong_nan,OK,attack1-0,2187,0.977,3,41,,0.555,1.00,""
g13_xingkong_nv,OK,attack1-0,1859,0.912,6,56,,0.557,1.00,""
g13_xinnianpifu_nan,OK,attack1-0,1510,1,1,36,,0.594,1.00,""
g13_xinnianpifu_nv,OK,attack1-0,1697,1,1,44,,0.562,1.10,""
g13_xiwangmu,OK,attack,949,1,2,34,,0.592,1.00,""
g13_xiwangmu_texiao,OK,fx_hit,296,1,13,13,,0.577,2.00,"cam nghi lech (truoc fix): 0 | pixel it: 296"
g13_xuangui,OK,attack,4532,0.932,3,8,,0.673,1.33,""
g13_xuangui_texiao,OK,fx_hit,8901,1,11,1,,0.987,1.00,""
g13_xuanwu,OK,attack,3668,1,2,21,,0.714,0.91,""
g13_xuanwu_nan,OK,attack1-0,4922,0.976,2,47,,0.490,1.00,""
g13_xuanwu_nv,OK,attack1-0,6586,0.96,1,53,,0.505,1.00,""
g13_xuanwu_texiao,OK,fx_stack_down,1744,1,1,4,THIEU,0.905,0.00,"trang 3/5 mau (hieu ung ngat quang theo vong lap, dur=1.8s) | node: THIEU | cam nghi lech (truoc fix): 0"
g13_xueyuan,OK,attack,6018,1,1,19,,0.669,1.00,""
g13_xueyuan_texiao,OK,fx_hit,1056,0.998,13,5,,0.517,1.00,""
g13_yangjian,OK,attack-1,2202,1,1,67,,0.619,1.00,""
g13_yangjian2,OK,attack-1,2120,1,3,85,,0.579,1.01,""
g13_yaochixianhe,OK,run,2151,0.998,2,23,,0.400,1.92,""
g13_yinglong,OK,attack,3637,0.999,1,37,,0.524,1.00,""
g13_yinglong_texiao,OK,fx_stack_down,1273,0.999,6,8,THIEU,0.952,0.00,"trang 1/5 mau (hieu ung ngat quang theo vong lap, dur=3.4s) | node: THIEU | cam nghi lech (truoc fix): 0"
g13_yougu_nan,OK,attack1-0,6348,0.995,2,33,,0.618,1.00,""
g13_yougu_nv,OK,attack1-0,5368,0.993,2,41,,0.571,1.00,""
g13_yuanshitianzun,OK,attack,3940,0.986,1,32,,0.624,1.00,""
g13_yuanshitianzun2,OK,attack,8454,1,1,38,,0.705,1.00,""
g13_yuanshitianzun_texiao,OK,fx_hit,4600,1,7,1,,0.980,2.00,""
g13_yuelao,OK,attack,5352,0.953,3,46,,0.532,1.00,""
g13_yushi,OK,attack,2079,1,1,30,,0.517,1.03,""
g13_yushi_texiao,OK,fx_hit,6668,0.925,7,1,,0.993,1.00,""
g13_zaochi,OK,attack,2971,0.995,2,15,,0.635,1.00,""
g13_zhaolinger_xianlv,OK,dead,3617,0.992,3,64,,0.538,1.00,""
g13_zheng,OK,attack,3142,0.999,1,21,,0.552,1.00,""
g13_zhuangyuanxiaotou,OK,idle,8948,1,1,27,,0.590,1.00,""
g13_zhuganglie,OK,attack,1303,0.997,3,14,,0.545,0.93,""
g13_zhuganglie_texiao,OK,fx_hit,1534,1,1,5,,0.988,4.00,"cam nghi lech (truoc fix): 0"
g13_zhujiuyin,OK,attack,2608,1,1,43,,0.772,1.00,""
g13_zhujiuyin2,OK,attack,3333,0.968,2,39,,0.518,1.00,""
g13_zhujiuyin_texiao,OK,fx_stack_down,454,0.997,1,5,THIEU,0.351,0.00,"trang 3/5 mau (hieu ung ngat quang theo vong lap, dur=3.77s) | node: THIEU | cam nghi lech (truoc fix): 0"
g13_zhulong_xianlv,OK,0,819,0.796,4,26,,0.470,1.00,""
g13_zhuque,OK,attack,3125,0.995,1,37,,0.428,0.93,""
g13_zhuque_nan,OK,attack1-0,5315,1,2,39,,0.516,1.00,""
g13_zhuque_nv,OK,attack1-0,5707,0.995,1,46,,0.559,1.00,""
g13_zhuque_texiao,OK,fx_hit,5662,1,3,6,,1.000,3.00,""
g13_zhu_nan,OK,attack1-0,4368,1,3,19,,0.599,1.00,""
g13_zhu_nv,OK,attack1-0,4370,0.931,4,24,,0.538,1.00,""
g13_ziyixianzi_xianlv,OK,dead,5499,0.999,1,32,,0.538,1.00,""
g9_zhubajie_4jie,OK,attack,3115,1,1,35,,0.539,1.00,""
gamma1,OK,Combo1,7985,1,1,20,,0.642,1.00,""
gamma2,OK,Combo1,8115,1,1,20,,0.642,1.00,""
gogeta,OK,Combo1,7331,0.998,1,23,,0.757,1.00,""
gogeta_broly,OK,Combo1,8756,1,1,20,,0.898,0.95,""
gogeta_red,OK,Combo1,8789,1,1,20,,0.898,0.95,""
gogeta_ssj5_toctim,OK,Combo1,8834,1,1,24,,0.864,1.00,""
gogeta_toc_vang,OK,Combo1,8750,1,1,20,,0.898,0.95,""
gogeta_toc_xanh,OK,Combo1,8745,1,1,20,,0.898,0.95,""
gohan_dau_vang,OK,Combo1,8705,1,1,18,,0.769,1.00,""
gohan_huydiet,OK,Combo1,8777,1,1,19,,0.762,1.00,""
gohan_ssj1,OK,Combo1,8825,1,1,21,,0.803,0.95,""
goku,OK,Combo1,9129,1,1,21,,0.789,0.95,""
goku_black,OK,Combo1,7967,0.998,2,24,,0.900,1.00,""
goku_dau_vang,OK,Combo1,9391,1,1,18,,0.781,1.00,""
goku_huydiet,OK,Combo1,9354,1,1,20,,0.771,1.00,""
goku_rose_1,OK,Combo1,8988,1,1,22,,0.779,0.95,""
goku_rose_3,OK,Combo1,9289,1,1,22,,0.779,0.95,""
goku_sontinh,OK,Combo1,8037,1,1,22,,0.729,1.00,""
goku_ssj5,OK,Combo1,7869,0.999,1,22,,0.849,1.00,""
goku_ssj5_toc_den,OK,Combo1,8224,1,1,21,,0.848,1.00,""
goku_ssj5_toc_do,OK,Combo1,7977,1,1,21,,0.848,1.00,""
goku_ssj5_white,OK,Combo1,8005,1,1,22,,0.851,1.00,""
goku_thuy_tinh,OK,Combo1,5767,1,1,25,,0.641,1.00,""
goku_trang,OK,Combo1,7454,0.88,3,21,,0.796,1.00,""
golden_frieza,OK,Combo1,4425,1,1,20,,0.486,1.00,""
gomah,OK,Combo1,6886,1,1,18,,0.718,1.00,""
goten,OK,Combo1,8843,1,1,20,,0.740,1.00,""
guldo,OK,Combo1,9939,1,1,22,,0.743,0.96,""
H21201,OK,action1_action1,4731,0.999,1,16,,0.620,16.00,""
H21301,OK,action1_action1,3437,1,1,29,,0.612,1.00,""
H21302,OK,action1_action1,3183,0.999,1,38,,0.599,1.00,""
H21401,OK,action1_action1,1245,0.943,3,45,THIEU,0.302,0.57,"node: THIEU"
H21402,OK,action1_action1,1922,1,1,49,,0.732,1.00,""
H21403,OK,action1_action1,2767,0.998,2,71,,0.496,1.00,""
H21501,OK,action1_action1,2036,0.999,1,31,,0.491,1.00,""
H21601,OK,action1_action1,2350,0.946,3,61,THIEU,0.433,0.59,"node: THIEU"
H21602,OK,action1_action1,4158,0.997,1,49,THIEU,0.490,0.58,"node: THIEU | cam nghi lech (truoc fix): 0.18"
H21701,OK,action1_action1,2201,1,1,84,,0.497,0.71,"cam nghi lech (truoc fix): 0.75"
H21702,OK,action1_action1,2735,0.996,1,56,THIEU,0.474,0.42,"node: THIEU"
H21703,OK,action1_action1,1045,0.997,2,62,,0.331,0.80,""
H21704,OK,action1_action1,1419,0.995,3,105,,0.321,0.61,""
H21705,OK,action1_action1,3903,1,1,87,,0.419,0.91,""
H22201,OK,action1_action1,6250,1,1,14,,0.594,0.93,""
H22301,OK,action1_action1,3645,1,2,47,,0.460,0.71,""
H22302,OK,action1_action1,6770,1,1,75,,0.504,1.00,""
H22401,OK,action1_action1,2875,1,2,54,THIEU,0.600,0.60,"node: THIEU | cam nghi lech (truoc fix): 0.63"
H22402,OK,action1_action1,1100,1,1,43,,0.415,1.00,""
H22403,OK,action1_action1,3631,0.999,1,49,,0.499,1.00,""
H22501,OK,action1_action1,2761,1,1,37,,0.557,0.77,""
H22601,OK,action1_action1,2933,1,1,48,THIEU,0.517,0.32,"node: THIEU"
H22701,OK,action1_action1,1649,1,1,66,,0.453,0.77,""
H22702,OK,action1_action1,404,0.85,6,88,THIEU,0.418,0.45,"node: THIEU"
H22703,OK,action1_action1,2639,0.995,3,71,THIEU,0.345,0.51,"node: THIEU"
H22704,OK,action1_action1,721,0.999,2,56,,0.499,1.00,""
H22705,OK,action1_action1,2614,0.998,1,74,,0.411,0.68,""
H23201,OK,action1_action1,4876,1,1,17,,0.505,17.00,""
H23301,OK,action1_action1,2511,1,1,36,,0.365,0.72,""
H23302,OK,action1_action1,4151,1,1,70,,0.623,0.61,"cam nghi lech (truoc fix): 0.62"
H23401,OK,action1_action1,3833,0.993,2,50,THIEU,0.563,0.59,"node: THIEU"
H23402,OK,action1_action1,5514,1,1,63,,0.495,0.70,""
H23403,OK,action1_action1,4807,1,1,57,,0.491,1.00,""
H23501,OK,action1_action1,4269,0.996,1,72,,0.609,0.87,""
H23601,OK,action1_action1,2581,0.987,4,56,,0.438,0.74,""
H23602,OK,action1_action1,2146,0.999,1,70,,0.542,1.00,""
H23701,OK,action1_action1,3599,0.999,1,64,,0.514,0.73,""
H23702,OK,action1_action1,2417,0.989,1,107,,0.426,0.69,""
H23703,OK,action1_action1,1746,0.997,2,73,THIEU,0.536,0.56,"node: THIEU"
H23704,OK,action1_action1,3631,0.998,1,87,,0.545,1.00,""
H23705,OK,action1_action1,1334,1,1,89,,0.988,0.72,""
H24401,OK,action1_action1,2352,1,1,46,,0.590,0.75,""
H24402,OK,action1_action1,5829,1,1,84,,0.525,0.85,""
H24403,OK,action1_action1,2447,1,1,57,,0.478,1.00,""
H24501,OK,action1_action1,774,1,1,56,,0.636,0.84,""
H24502,OK,action1_action1,1869,0.999,1,52,THIEU,0.603,0.40,"node: THIEU"
H24601,OK,action1_action1,1813,0.998,1,66,,0.661,1.00,""
H24602,OK,action1_action1,4186,1,2,86,,0.625,0.76,"cam nghi lech (truoc fix): 0.74"
H24701,OK,action1_action1,2982,0.999,3,94,THIEU,0.418,0.46,"node: THIEU | cam nghi lech (truoc fix): 0.64"
H24702,OK,action1_action1,1534,0.999,3,79,THIEU,0.255,0.44,"node: THIEU | cam nghi lech (truoc fix): 0.41"
H24703,OK,action1_action1,4465,0.999,2,133,,0.525,0.79,""
H24704,OK,action1_action1,2818,0.98,3,65,,0.616,0.71,""
H24705,OK,action1_action1,3184,0.997,1,84,,0.335,0.77,""
H25301,OK,action1_action1,2522,1,1,39,,0.362,1.00,""
H25401,OK,action1_action1,4931,1,2,39,,0.321,1.00,""
H25402,OK,action1_action1,3507,0.999,1,45,,0.456,1.00,""
H25403,OK,action1_action1,3790,1,1,41,,0.588,1.00,""
H25501,OK,action1_action1,1136,1,2,75,,0.509,0.82,""
H25502,OK,action1_action1,1821,1,1,64,,0.431,0.83,""
H25601,OK,action1_action1,1608,1,2,43,,0.526,0.73,""
H25602,OK,action1_action1,6494,1,1,86,,0.944,1.00,""
H25701,OK,action1_action1,2602,0.999,2,80,,0.615,1.00,""
H25702,OK,action1_action1,3958,0.996,1,94,,0.408,0.76,""
H25703,OK,action1_action1,3689,1,1,50,THIEU,0.559,0.59,"node: THIEU | cam nghi lech (truoc fix): 0.78"
H25704,OK,action1_action1,1220,0.991,1,63,THIEU,0.405,0.55,"node: THIEU"
H25705,OK,action1_action1,2123,1,1,68,,0.572,1.00,""
H27701,OK,action1_action1,2644,0.984,3,34,,0.413,1.00,""
H27701S1,OK,Aaction1,3118,0.985,2,1,THIEU,0.639,0.00,"trang 1/5 mau (hieu ung ngat quang theo vong lap, dur=4.07s) | node: THIEU"
H27703,OK,action1_action1,2649,0.999,2,107,THIEU,0.565,0.52,"node: THIEU | cam nghi lech (truoc fix): 0.65"
H27704,OK,action1_action1,2557,0.997,7,47,,0.292,1.00,""
H27705,OK,action1_action1,1791,0.992,1,59,,0.524,1.00,"cam nghi lech (truoc fix): 0.25"
H27706,OK,action1_action1,5687,1,1,37,,0.529,1.00,""
H27707,OK,action1_action1,4838,0.999,1,39,,0.835,1.00,""
hearts2,OK,Combo1,5542,0.993,2,22,,0.695,1.00,""
hit,OK,Combo1,8350,1,1,20,,0.692,1.00,""
jeice,OK,Combo1,9752,1,1,23,,0.780,1.00,""
jiren,OK,Combo1,7310,0.999,1,21,,0.673,1.00,""
jiren_max,OK,Combo1,7573,1,1,19,,0.667,1.00,""
kefla,OK,Combo1,8772,1,1,20,,0.785,1.00,""
kefla_broly,OK,Combo1,8719,1,1,20,,0.782,1.00,""
khi_oozaru,OK,Die,3989,0.835,7,21,,0.567,1.00,""
khi_trang,OK,Die,5059,0.998,1,21,,0.757,1.00,""
khi_vang,OK,Die,2937,0.876,4,22,,0.571,1.00,""
kunshi,OK,Combo1,6813,1,1,18,,0.705,1.00,""
liiquir,OK,Combo1,7172,1,1,23,,0.597,1.00,""
li_shenron,OK,Combo1,6075,0.998,2,19,,0.761,1.00,""
majin_duu_1,OK,Combo1,8012,1,1,20,,0.794,1.00,""
majin_duu_2,OK,Combo1,6214,1,1,19,,0.750,1.00,""
monster_carrot,OK,Combo1,7188,1,1,14,,0.771,1.00,""
moro,OK,Combo1,6600,1,1,19,,0.685,1.00,""
namek,OK,Combo1,9617,1,1,21,,0.597,0.95,""
namek 3,OK,Combo1,9455,1,1,20,,0.597,0.95,""
namek_2.1,OK,Combo1,5736,1,1,23,,0.799,1.00,""
namek_god,OK,Combo1,7564,1,1,22,,0.737,1.00,""
namek_huydiet,OK,Combo1,8172,1,1,21,,0.707,1.00,""
namek_skin2,OK,Combo1,7486,1,1,21,,0.778,1.00,""
namek_vang,OK,Combo1,7846,1,1,19,,0.742,1.00,""
namek_vang_2,OK,Combo1,7639,1,1,21,,0.694,1.00,""
piccolo_oranges_1,OK,Combo1,6909,1,1,19,,0.692,1.00,""
puipui,OK,Combo1,8817,1,1,16,,0.723,1.00,""
recoome,OK,Combo1,9803,1,1,20,,0.775,1.00,""
redhead,OK,Combo1,8373,1,1,14,,0.755,0.93,""
soi_xanh1,OK,Combo1,3139,1,1,17,,0.429,1.00,""
songoku_trang,OK,Combo1,7116,0.973,2,27,,0.776,1.00,""
so_4,OK,Combo1,8306,1,1,19,,0.713,1.00,""
superandroid13.1,OK,Combo1,8020,1,1,19,,0.735,1.00,""
tao_paipai,OK,Combo1,7788,1,1,23,,0.702,0.96,""
uub,OK,Combo1,8748,1,1,20,,0.631,0.95,""
uub1,OK,Combo1,8707,1,1,20,,0.797,1.00,""
vegeta,OK,Combo1,7895,1,1,19,,0.601,0.95,""
vegeta_baibien,OK,Combo1,7891,1,1,20,,0.561,1.00,""
vegeta_dau_vang,OK,Combo1,7935,1,1,18,,0.735,1.00,""
vegeta_huydiet,OK,Combo1,8268,1,1,20,,0.733,1.00,""
vegeta_ssj2,OK,Combo1,7625,1,1,19,,0.793,0.95,""
vegeta_whis,OK,Combo1,6844,1,1,22,,0.677,1.00,""
vegito,OK,Combo1,8991,1,1,21,,0.745,0.95,""
vegito_vocuc,OK,Combo1,8805,1,1,21,,0.745,0.95,""
vermoud,OK,Combo1,8099,1,1,21,,0.763,1.00,""
whis,OK,Combo1,7007,0.987,1,23,,0.631,1.00,""
xicor,OK,Combo1,7510,0.999,1,24,,0.731,1.00,""
yamcha,OK,Combo1,8380,1,1,20,,0.712,0.95,""
zarbon,OK,Combo1,6205,1,1,23,,0.550,0.96,""
zeno,OK,Combo1,5997,1,1,18,,0.620,1.00,""
